Sex;Diagnosis;ageGroup;Year;Numbers;Crude Rate;ASR(W);ASR(E);ASR(N);Cumulative Risk
men;Bladder;0-4;1953;0;0,00;0,00;0,00;0,00;0,00
men;Bladder;0-4;1954;1;0,40;0,40;0,40;0,40;0,00
men;Bladder;0-4;1955;0;0,00;0,00;0,00;0,00;0,00
men;Bladder;0-4;1956;0;0,00;0,00;0,00;0,00;0,00
men;Bladder;0-4;1957;1;0,40;0,40;0,40;0,40;0,00
men;Bladder;0-4;1958;0;0,00;0,00;0,00;0,00;0,00
men;Bladder;0-4;1959;0;0,00;0,00;0,00;0,00;0,00
men;Bladder;0-4;1960;0;0,00;0,00;0,00;0,00;0,00
men;Bladder;0-4;1961;0;0,00;0,00;0,00;0,00;0,00
men;Bladder;0-4;1962;0;0,00;0,00;0,00;0,00;0,00
men;Bladder;0-4;1963;1;0,50;0,50;0,50;0,50;0,00
men;Bladder;0-4;1964;0;0,00;0,00;0,00;0,00;0,00
men;Bladder;0-4;1965;1;0,50;0,50;0,50;0,50;0,00
men;Bladder;0-4;1966;0;0,00;0,00;0,00;0,00;0,00
men;Bladder;0-4;1967;0;0,00;0,00;0,00;0,00;0,00
men;Bladder;0-4;1968;0;0,00;0,00;0,00;0,00;0,00
men;Bladder;0-4;1969;0;0,00;0,00;0,00;0,00;0,00
men;Bladder;0-4;1970;0;0,00;0,00;0,00;0,00;0,00
men;Bladder;0-4;1971;0;0,00;0,00;0,00;0,00;0,00
men;Bladder;0-4;1972;1;0,60;0,60;0,60;0,60;0,00
men;Bladder;0-4;1973;0;0,00;0,00;0,00;0,00;0,00
men;Bladder;0-4;1974;0;0,00;0,00;0,00;0,00;0,00
men;Bladder;0-4;1975;0;0,00;0,00;0,00;0,00;0,00
men;Bladder;0-4;1976;1;0,60;0,60;0,60;0,60;0,00
men;Bladder;0-4;1977;1;0,60;0,60;0,60;0,60;0,00
men;Bladder;0-4;1978;1;0,60;0,60;0,60;0,60;0,00
men;Bladder;0-4;1979;0;0,00;0,00;0,00;0,00;0,00
men;Bladder;0-4;1980;0;0,00;0,00;0,00;0,00;0,00
men;Bladder;0-4;1981;0;0,00;0,00;0,00;0,00;0,00
men;Bladder;0-4;1982;0;0,00;0,00;0,00;0,00;0,00
men;Bladder;0-4;1983;0;0,00;0,00;0,00;0,00;0,00
men;Bladder;0-4;1984;1;0,60;0,60;0,60;0,60;0,00
men;Bladder;0-4;1985;0;0,00;0,00;0,00;0,00;0,00
men;Bladder;0-4;1986;0;0,00;0,00;0,00;0,00;0,00
men;Bladder;0-4;1987;0;0,00;0,00;0,00;0,00;0,00
men;Bladder;0-4;1988;0;0,00;0,00;0,00;0,00;0,00
men;Bladder;0-4;1989;1;0,60;0,60;0,60;0,60;0,00
men;Bladder;0-4;1990;1;0,60;0,60;0,60;0,60;0,00
men;Bladder;0-4;1991;0;0,00;0,00;0,00;0,00;0,00
men;Bladder;0-4;1992;0;0,00;0,00;0,00;0,00;0,00
men;Bladder;0-4;1993;0;0,00;0,00;0,00;0,00;0,00
men;Bladder;0-4;1994;0;0,00;0,00;0,00;0,00;0,00
men;Bladder;0-4;1995;0;0,00;0,00;0,00;0,00;0,00
men;Bladder;0-4;1996;2;1,20;1,20;1,20;1,20;0,01
men;Bladder;0-4;1997;1;0,60;0,60;0,60;0,60;0,00
men;Bladder;0-4;1998;0;0,00;0,00;0,00;0,00;0,00
men;Bladder;0-4;1999;0;0,00;0,00;0,00;0,00;0,00
men;Bladder;0-4;2000;0;0,00;0,00;0,00;0,00;0,00
men;Bladder;0-4;2001;0;0,00;0,00;0,00;0,00;0,00
men;Bladder;0-4;2002;0;0,00;0,00;0,00;0,00;0,00
men;Bladder;0-4;2003;1;0,70;0,70;0,70;0,70;0,00
men;Bladder;0-4;2004;0;0,00;0,00;0,00;0,00;0,00
men;Bladder;0-4;2005;0;0,00;0,00;0,00;0,00;0,00
men;Bladder;0-4;2006;0;0,00;0,00;0,00;0,00;0,00
men;Bladder;0-4;2007;0;0,00;0,00;0,00;0,00;0,00
men;Bladder;0-4;2008;1;0,70;0,70;0,70;0,70;0,00
men;Bladder;0-4;2009;0;0,00;0,00;0,00;0,00;0,00
men;Bladder;0-4;2010;2;1,30;1,30;1,30;1,30;0,01
men;Bladder;0-4;2011;0;0,00;0,00;0,00;0,00;0,00
men;Bladder;0-4;2012;0;0,00;0,00;0,00;0,00;0,00
men;Bladder;0-4;2013;0;0,00;0,00;0,00;0,00;0,00
men;Bladder;0-4;2014;1;0,70;0,70;0,70;0,70;0,00
men;Bladder;0-4;2015;0;0,00;0,00;0,00;0,00;0,00
men;Bladder;0-4;2016;0;0,00;0,00;0,00;0,00;0,00
men;Bladder;5-9;1953;0;0,00;0,00;0,00;0,00;0,00
men;Bladder;5-9;1954;0;0,00;0,00;0,00;0,00;0,00
men;Bladder;5-9;1955;0;0,00;0,00;0,00;0,00;0,00
men;Bladder;5-9;1956;0;0,00;0,00;0,00;0,00;0,00
men;Bladder;5-9;1957;0;0,00;0,00;0,00;0,00;0,00
men;Bladder;5-9;1958;0;0,00;0,00;0,00;0,00;0,00
men;Bladder;5-9;1959;0;0,00;0,00;0,00;0,00;0,00
men;Bladder;5-9;1960;0;0,00;0,00;0,00;0,00;0,00
men;Bladder;5-9;1961;0;0,00;0,00;0,00;0,00;0,00
men;Bladder;5-9;1962;0;0,00;0,00;0,00;0,00;0,00
men;Bladder;5-9;1963;0;0,00;0,00;0,00;0,00;0,00
men;Bladder;5-9;1964;0;0,00;0,00;0,00;0,00;0,00
men;Bladder;5-9;1965;0;0,00;0,00;0,00;0,00;0,00
men;Bladder;5-9;1966;0;0,00;0,00;0,00;0,00;0,00
men;Bladder;5-9;1967;0;0,00;0,00;0,00;0,00;0,00
men;Bladder;5-9;1968;0;0,00;0,00;0,00;0,00;0,00
men;Bladder;5-9;1969;0;0,00;0,00;0,00;0,00;0,00
men;Bladder;5-9;1970;0;0,00;0,00;0,00;0,00;0,00
men;Bladder;5-9;1971;0;0,00;0,00;0,00;0,00;0,00
men;Bladder;5-9;1972;0;0,00;0,00;0,00;0,00;0,00
men;Bladder;5-9;1973;0;0,00;0,00;0,00;0,00;0,00
men;Bladder;5-9;1974;0;0,00;0,00;0,00;0,00;0,00
men;Bladder;5-9;1975;0;0,00;0,00;0,00;0,00;0,00
men;Bladder;5-9;1976;0;0,00;0,00;0,00;0,00;0,00
men;Bladder;5-9;1977;0;0,00;0,00;0,00;0,00;0,00
men;Bladder;5-9;1978;0;0,00;0,00;0,00;0,00;0,00
men;Bladder;5-9;1979;0;0,00;0,00;0,00;0,00;0,00
men;Bladder;5-9;1980;0;0,00;0,00;0,00;0,00;0,00
men;Bladder;5-9;1981;0;0,00;0,00;0,00;0,00;0,00
men;Bladder;5-9;1982;0;0,00;0,00;0,00;0,00;0,00
men;Bladder;5-9;1983;0;0,00;0,00;0,00;0,00;0,00
men;Bladder;5-9;1984;0;0,00;0,00;0,00;0,00;0,00
men;Bladder;5-9;1985;0;0,00;0,00;0,00;0,00;0,00
men;Bladder;5-9;1986;0;0,00;0,00;0,00;0,00;0,00
men;Bladder;5-9;1987;0;0,00;0,00;0,00;0,00;0,00
men;Bladder;5-9;1988;0;0,00;0,00;0,00;0,00;0,00
men;Bladder;5-9;1989;0;0,00;0,00;0,00;0,00;0,00
men;Bladder;5-9;1990;0;0,00;0,00;0,00;0,00;0,00
men;Bladder;5-9;1991;0;0,00;0,00;0,00;0,00;0,00
men;Bladder;5-9;1992;0;0,00;0,00;0,00;0,00;0,00
men;Bladder;5-9;1993;0;0,00;0,00;0,00;0,00;0,00
men;Bladder;5-9;1994;0;0,00;0,00;0,00;0,00;0,00
men;Bladder;5-9;1995;0;0,00;0,00;0,00;0,00;0,00
men;Bladder;5-9;1996;0;0,00;0,00;0,00;0,00;0,00
men;Bladder;5-9;1997;0;0,00;0,00;0,00;0,00;0,00
men;Bladder;5-9;1998;0;0,00;0,00;0,00;0,00;0,00
men;Bladder;5-9;1999;0;0,00;0,00;0,00;0,00;0,00
men;Bladder;5-9;2000;0;0,00;0,00;0,00;0,00;0,00
men;Bladder;5-9;2001;0;0,00;0,00;0,00;0,00;0,00
men;Bladder;5-9;2002;0;0,00;0,00;0,00;0,00;0,00
men;Bladder;5-9;2003;0;0,00;0,00;0,00;0,00;0,00
men;Bladder;5-9;2004;0;0,00;0,00;0,00;0,00;0,00
men;Bladder;5-9;2005;0;0,00;0,00;0,00;0,00;0,00
men;Bladder;5-9;2006;0;0,00;0,00;0,00;0,00;0,00
men;Bladder;5-9;2007;0;0,00;0,00;0,00;0,00;0,00
men;Bladder;5-9;2008;0;0,00;0,00;0,00;0,00;0,00
men;Bladder;5-9;2009;0;0,00;0,00;0,00;0,00;0,00
men;Bladder;5-9;2010;0;0,00;0,00;0,00;0,00;0,00
men;Bladder;5-9;2011;0;0,00;0,00;0,00;0,00;0,00
men;Bladder;5-9;2012;0;0,00;0,00;0,00;0,00;0,00
men;Bladder;5-9;2013;0;0,00;0,00;0,00;0,00;0,00
men;Bladder;5-9;2014;0;0,00;0,00;0,00;0,00;0,00
men;Bladder;5-9;2015;0;0,00;0,00;0,00;0,00;0,00
men;Bladder;5-9;2016;0;0,00;0,00;0,00;0,00;0,00
men;Bladder;10-14;1953;0;0,00;0,00;0,00;0,00;0,00
men;Bladder;10-14;1954;0;0,00;0,00;0,00;0,00;0,00
men;Bladder;10-14;1955;0;0,00;0,00;0,00;0,00;0,00
men;Bladder;10-14;1956;1;0,50;0,50;0,50;0,50;0,00
men;Bladder;10-14;1957;0;0,00;0,00;0,00;0,00;0,00
men;Bladder;10-14;1958;0;0,00;0,00;0,00;0,00;0,00
men;Bladder;10-14;1959;0;0,00;0,00;0,00;0,00;0,00
men;Bladder;10-14;1960;0;0,00;0,00;0,00;0,00;0,00
men;Bladder;10-14;1961;0;0,00;0,00;0,00;0,00;0,00
men;Bladder;10-14;1962;0;0,00;0,00;0,00;0,00;0,00
men;Bladder;10-14;1963;0;0,00;0,00;0,00;0,00;0,00
men;Bladder;10-14;1964;0;0,00;0,00;0,00;0,00;0,00
men;Bladder;10-14;1965;0;0,00;0,00;0,00;0,00;0,00
men;Bladder;10-14;1966;0;0,00;0,00;0,00;0,00;0,00
men;Bladder;10-14;1967;0;0,00;0,00;0,00;0,00;0,00
men;Bladder;10-14;1968;0;0,00;0,00;0,00;0,00;0,00
men;Bladder;10-14;1969;0;0,00;0,00;0,00;0,00;0,00
men;Bladder;10-14;1970;0;0,00;0,00;0,00;0,00;0,00
men;Bladder;10-14;1971;0;0,00;0,00;0,00;0,00;0,00
men;Bladder;10-14;1972;0;0,00;0,00;0,00;0,00;0,00
men;Bladder;10-14;1973;0;0,00;0,00;0,00;0,00;0,00
men;Bladder;10-14;1974;0;0,00;0,00;0,00;0,00;0,00
men;Bladder;10-14;1975;0;0,00;0,00;0,00;0,00;0,00
men;Bladder;10-14;1976;0;0,00;0,00;0,00;0,00;0,00
men;Bladder;10-14;1977;0;0,00;0,00;0,00;0,00;0,00
men;Bladder;10-14;1978;0;0,00;0,00;0,00;0,00;0,00
men;Bladder;10-14;1979;1;0,50;0,50;0,50;0,50;0,00
men;Bladder;10-14;1980;0;0,00;0,00;0,00;0,00;0,00
men;Bladder;10-14;1981;0;0,00;0,00;0,00;0,00;0,00
men;Bladder;10-14;1982;0;0,00;0,00;0,00;0,00;0,00
men;Bladder;10-14;1983;1;0,60;0,60;0,60;0,60;0,00
men;Bladder;10-14;1984;0;0,00;0,00;0,00;0,00;0,00
men;Bladder;10-14;1985;0;0,00;0,00;0,00;0,00;0,00
men;Bladder;10-14;1986;0;0,00;0,00;0,00;0,00;0,00
men;Bladder;10-14;1987;0;0,00;0,00;0,00;0,00;0,00
men;Bladder;10-14;1988;0;0,00;0,00;0,00;0,00;0,00
men;Bladder;10-14;1989;0;0,00;0,00;0,00;0,00;0,00
men;Bladder;10-14;1990;0;0,00;0,00;0,00;0,00;0,00
men;Bladder;10-14;1991;0;0,00;0,00;0,00;0,00;0,00
men;Bladder;10-14;1992;0;0,00;0,00;0,00;0,00;0,00
men;Bladder;10-14;1993;0;0,00;0,00;0,00;0,00;0,00
men;Bladder;10-14;1994;0;0,00;0,00;0,00;0,00;0,00
men;Bladder;10-14;1995;0;0,00;0,00;0,00;0,00;0,00
men;Bladder;10-14;1996;1;0,60;0,60;0,60;0,60;0,00
men;Bladder;10-14;1997;0;0,00;0,00;0,00;0,00;0,00
men;Bladder;10-14;1998;0;0,00;0,00;0,00;0,00;0,00
men;Bladder;10-14;1999;0;0,00;0,00;0,00;0,00;0,00
men;Bladder;10-14;2000;0;0,00;0,00;0,00;0,00;0,00
men;Bladder;10-14;2001;0;0,00;0,00;0,00;0,00;0,00
men;Bladder;10-14;2002;0;0,00;0,00;0,00;0,00;0,00
men;Bladder;10-14;2003;0;0,00;0,00;0,00;0,00;0,00
men;Bladder;10-14;2004;0;0,00;0,00;0,00;0,00;0,00
men;Bladder;10-14;2005;0;0,00;0,00;0,00;0,00;0,00
men;Bladder;10-14;2006;0;0,00;0,00;0,00;0,00;0,00
men;Bladder;10-14;2007;0;0,00;0,00;0,00;0,00;0,00
men;Bladder;10-14;2008;0;0,00;0,00;0,00;0,00;0,00
men;Bladder;10-14;2009;0;0,00;0,00;0,00;0,00;0,00
men;Bladder;10-14;2010;0;0,00;0,00;0,00;0,00;0,00
men;Bladder;10-14;2011;0;0,00;0,00;0,00;0,00;0,00
men;Bladder;10-14;2012;0;0,00;0,00;0,00;0,00;0,00
men;Bladder;10-14;2013;0;0,00;0,00;0,00;0,00;0,00
men;Bladder;10-14;2014;0;0,00;0,00;0,00;0,00;0,00
men;Bladder;10-14;2015;0;0,00;0,00;0,00;0,00;0,00
men;Bladder;10-14;2016;0;0,00;0,00;0,00;0,00;0,00
men;Bladder;15-19;1953;0;0,00;0,00;0,00;0,00;0,00
men;Bladder;15-19;1954;0;0,00;0,00;0,00;0,00;0,00
men;Bladder;15-19;1955;0;0,00;0,00;0,00;0,00;0,00
men;Bladder;15-19;1956;0;0,00;0,00;0,00;0,00;0,00
men;Bladder;15-19;1957;0;0,00;0,00;0,00;0,00;0,00
men;Bladder;15-19;1958;0;0,00;0,00;0,00;0,00;0,00
men;Bladder;15-19;1959;0;0,00;0,00;0,00;0,00;0,00
men;Bladder;15-19;1960;0;0,00;0,00;0,00;0,00;0,00
men;Bladder;15-19;1961;0;0,00;0,00;0,00;0,00;0,00
men;Bladder;15-19;1962;0;0,00;0,00;0,00;0,00;0,00
men;Bladder;15-19;1963;0;0,00;0,00;0,00;0,00;0,00
men;Bladder;15-19;1964;0;0,00;0,00;0,00;0,00;0,00
men;Bladder;15-19;1965;0;0,00;0,00;0,00;0,00;0,00
men;Bladder;15-19;1966;0;0,00;0,00;0,00;0,00;0,00
men;Bladder;15-19;1967;0;0,00;0,00;0,00;0,00;0,00
men;Bladder;15-19;1968;0;0,00;0,00;0,00;0,00;0,00
men;Bladder;15-19;1969;0;0,00;0,00;0,00;0,00;0,00
men;Bladder;15-19;1970;0;0,00;0,00;0,00;0,00;0,00
men;Bladder;15-19;1971;0;0,00;0,00;0,00;0,00;0,00
men;Bladder;15-19;1972;0;0,00;0,00;0,00;0,00;0,00
men;Bladder;15-19;1973;0;0,00;0,00;0,00;0,00;0,00
men;Bladder;15-19;1974;0;0,00;0,00;0,00;0,00;0,00
men;Bladder;15-19;1975;0;0,00;0,00;0,00;0,00;0,00
men;Bladder;15-19;1976;0;0,00;0,00;0,00;0,00;0,00
men;Bladder;15-19;1977;0;0,00;0,00;0,00;0,00;0,00
men;Bladder;15-19;1978;0;0,00;0,00;0,00;0,00;0,00
men;Bladder;15-19;1979;0;0,00;0,00;0,00;0,00;0,00
men;Bladder;15-19;1980;0;0,00;0,00;0,00;0,00;0,00
men;Bladder;15-19;1981;0;0,00;0,00;0,00;0,00;0,00
men;Bladder;15-19;1982;0;0,00;0,00;0,00;0,00;0,00
men;Bladder;15-19;1983;0;0,00;0,00;0,00;0,00;0,00
men;Bladder;15-19;1984;0;0,00;0,00;0,00;0,00;0,00
men;Bladder;15-19;1985;0;0,00;0,00;0,00;0,00;0,00
men;Bladder;15-19;1986;1;0,60;0,60;0,60;0,60;0,00
men;Bladder;15-19;1987;0;0,00;0,00;0,00;0,00;0,00
men;Bladder;15-19;1988;0;0,00;0,00;0,00;0,00;0,00
men;Bladder;15-19;1989;0;0,00;0,00;0,00;0,00;0,00
men;Bladder;15-19;1990;0;0,00;0,00;0,00;0,00;0,00
men;Bladder;15-19;1991;0;0,00;0,00;0,00;0,00;0,00
men;Bladder;15-19;1992;0;0,00;0,00;0,00;0,00;0,00
men;Bladder;15-19;1993;0;0,00;0,00;0,00;0,00;0,00
men;Bladder;15-19;1994;1;0,60;0,60;0,60;0,60;0,00
men;Bladder;15-19;1995;0;0,00;0,00;0,00;0,00;0,00
men;Bladder;15-19;1996;0;0,00;0,00;0,00;0,00;0,00
men;Bladder;15-19;1997;0;0,00;0,00;0,00;0,00;0,00
men;Bladder;15-19;1998;0;0,00;0,00;0,00;0,00;0,00
men;Bladder;15-19;1999;0;0,00;0,00;0,00;0,00;0,00
men;Bladder;15-19;2000;0;0,00;0,00;0,00;0,00;0,00
men;Bladder;15-19;2001;0;0,00;0,00;0,00;0,00;0,00
men;Bladder;15-19;2002;0;0,00;0,00;0,00;0,00;0,00
men;Bladder;15-19;2003;0;0,00;0,00;0,00;0,00;0,00
men;Bladder;15-19;2004;0;0,00;0,00;0,00;0,00;0,00
men;Bladder;15-19;2005;0;0,00;0,00;0,00;0,00;0,00
men;Bladder;15-19;2006;0;0,00;0,00;0,00;0,00;0,00
men;Bladder;15-19;2007;0;0,00;0,00;0,00;0,00;0,00
men;Bladder;15-19;2008;0;0,00;0,00;0,00;0,00;0,00
men;Bladder;15-19;2009;1;0,60;0,60;0,60;0,60;0,00
men;Bladder;15-19;2010;0;0,00;0,00;0,00;0,00;0,00
men;Bladder;15-19;2011;0;0,00;0,00;0,00;0,00;0,00
men;Bladder;15-19;2012;1;0,60;0,60;0,60;0,60;0,00
men;Bladder;15-19;2013;0;0,00;0,00;0,00;0,00;0,00
men;Bladder;15-19;2014;0;0,00;0,00;0,00;0,00;0,00
men;Bladder;15-19;2015;0;0,00;0,00;0,00;0,00;0,00
men;Bladder;15-19;2016;0;0,00;0,00;0,00;0,00;0,00
men;Bladder;20-24;1953;0;0,00;0,00;0,00;0,00;0,00
men;Bladder;20-24;1954;0;0,00;0,00;0,00;0,00;0,00
men;Bladder;20-24;1955;0;0,00;0,00;0,00;0,00;0,00
men;Bladder;20-24;1956;0;0,00;0,00;0,00;0,00;0,00
men;Bladder;20-24;1957;0;0,00;0,00;0,00;0,00;0,00
men;Bladder;20-24;1958;0;0,00;0,00;0,00;0,00;0,00
men;Bladder;20-24;1959;0;0,00;0,00;0,00;0,00;0,00
men;Bladder;20-24;1960;0;0,00;0,00;0,00;0,00;0,00
men;Bladder;20-24;1961;0;0,00;0,00;0,00;0,00;0,00
men;Bladder;20-24;1962;0;0,00;0,00;0,00;0,00;0,00
men;Bladder;20-24;1963;0;0,00;0,00;0,00;0,00;0,00
men;Bladder;20-24;1964;0;0,00;0,00;0,00;0,00;0,00
men;Bladder;20-24;1965;0;0,00;0,00;0,00;0,00;0,00
men;Bladder;20-24;1966;0;0,00;0,00;0,00;0,00;0,00
men;Bladder;20-24;1967;0;0,00;0,00;0,00;0,00;0,00
men;Bladder;20-24;1968;0;0,00;0,00;0,00;0,00;0,00
men;Bladder;20-24;1969;0;0,00;0,00;0,00;0,00;0,00
men;Bladder;20-24;1970;0;0,00;0,00;0,00;0,00;0,00
men;Bladder;20-24;1971;2;0,90;0,90;0,90;0,90;0,00
men;Bladder;20-24;1972;0;0,00;0,00;0,00;0,00;0,00
men;Bladder;20-24;1973;0;0,00;0,00;0,00;0,00;0,00
men;Bladder;20-24;1974;0;0,00;0,00;0,00;0,00;0,00
men;Bladder;20-24;1975;0;0,00;0,00;0,00;0,00;0,00
men;Bladder;20-24;1976;1;0,50;0,50;0,50;0,50;0,00
men;Bladder;20-24;1977;0;0,00;0,00;0,00;0,00;0,00
men;Bladder;20-24;1978;1;0,50;0,50;0,50;0,50;0,00
men;Bladder;20-24;1979;1;0,50;0,50;0,50;0,50;0,00
men;Bladder;20-24;1980;0;0,00;0,00;0,00;0,00;0,00
men;Bladder;20-24;1981;0;0,00;0,00;0,00;0,00;0,00
men;Bladder;20-24;1982;0;0,00;0,00;0,00;0,00;0,00
men;Bladder;20-24;1983;1;0,50;0,50;0,50;0,50;0,00
men;Bladder;20-24;1984;0;0,00;0,00;0,00;0,00;0,00
men;Bladder;20-24;1985;1;0,50;0,50;0,50;0,50;0,00
men;Bladder;20-24;1986;0;0,00;0,00;0,00;0,00;0,00
men;Bladder;20-24;1987;1;0,50;0,50;0,50;0,50;0,00
men;Bladder;20-24;1988;1;0,50;0,50;0,50;0,50;0,00
men;Bladder;20-24;1989;0;0,00;0,00;0,00;0,00;0,00
men;Bladder;20-24;1990;2;1,10;1,10;1,10;1,10;0,01
men;Bladder;20-24;1991;0;0,00;0,00;0,00;0,00;0,00
men;Bladder;20-24;1992;1;0,60;0,60;0,60;0,60;0,00
men;Bladder;20-24;1993;0;0,00;0,00;0,00;0,00;0,00
men;Bladder;20-24;1994;0;0,00;0,00;0,00;0,00;0,00
men;Bladder;20-24;1995;0;0,00;0,00;0,00;0,00;0,00
men;Bladder;20-24;1996;1;0,60;0,60;0,60;0,60;0,00
men;Bladder;20-24;1997;0;0,00;0,00;0,00;0,00;0,00
men;Bladder;20-24;1998;1;0,60;0,60;0,60;0,60;0,00
men;Bladder;20-24;1999;1;0,60;0,60;0,60;0,60;0,00
men;Bladder;20-24;2000;0;0,00;0,00;0,00;0,00;0,00
men;Bladder;20-24;2001;2;1,20;1,20;1,20;1,20;0,01
men;Bladder;20-24;2002;2;1,20;1,20;1,20;1,20;0,01
men;Bladder;20-24;2003;1;0,60;0,60;0,60;0,60;0,00
men;Bladder;20-24;2004;1;0,60;0,60;0,60;0,60;0,00
men;Bladder;20-24;2005;1;0,60;0,60;0,60;0,60;0,00
men;Bladder;20-24;2006;0;0,00;0,00;0,00;0,00;0,00
men;Bladder;20-24;2007;2;1,20;1,20;1,20;1,20;0,01
men;Bladder;20-24;2008;1;0,60;0,60;0,60;0,60;0,00
men;Bladder;20-24;2009;2;1,20;1,20;1,20;1,20;0,01
men;Bladder;20-24;2010;1;0,60;0,60;0,60;0,60;0,00
men;Bladder;20-24;2011;2;1,20;1,20;1,20;1,20;0,01
men;Bladder;20-24;2012;0;0,00;0,00;0,00;0,00;0,00
men;Bladder;20-24;2013;0;0,00;0,00;0,00;0,00;0,00
men;Bladder;20-24;2014;0;0,00;0,00;0,00;0,00;0,00
men;Bladder;20-24;2015;0;0,00;0,00;0,00;0,00;0,00
men;Bladder;20-24;2016;0;0,00;0,00;0,00;0,00;0,00
men;Bladder;25-29;1953;0;0,00;0,00;0,00;0,00;0,00
men;Bladder;25-29;1954;0;0,00;0,00;0,00;0,00;0,00
men;Bladder;25-29;1955;0;0,00;0,00;0,00;0,00;0,00
men;Bladder;25-29;1956;0;0,00;0,00;0,00;0,00;0,00
men;Bladder;25-29;1957;0;0,00;0,00;0,00;0,00;0,00
men;Bladder;25-29;1958;0;0,00;0,00;0,00;0,00;0,00
men;Bladder;25-29;1959;0;0,00;0,00;0,00;0,00;0,00
men;Bladder;25-29;1960;0;0,00;0,00;0,00;0,00;0,00
men;Bladder;25-29;1961;0;0,00;0,00;0,00;0,00;0,00
men;Bladder;25-29;1962;0;0,00;0,00;0,00;0,00;0,00
men;Bladder;25-29;1963;0;0,00;0,00;0,00;0,00;0,00
men;Bladder;25-29;1964;0;0,00;0,00;0,00;0,00;0,00
men;Bladder;25-29;1965;0;0,00;0,00;0,00;0,00;0,00
men;Bladder;25-29;1966;1;0,60;0,60;0,60;0,60;0,00
men;Bladder;25-29;1967;0;0,00;0,00;0,00;0,00;0,00
men;Bladder;25-29;1968;0;0,00;0,00;0,00;0,00;0,00
men;Bladder;25-29;1969;0;0,00;0,00;0,00;0,00;0,00
men;Bladder;25-29;1970;0;0,00;0,00;0,00;0,00;0,00
men;Bladder;25-29;1971;1;0,60;0,60;0,60;0,60;0,00
men;Bladder;25-29;1972;0;0,00;0,00;0,00;0,00;0,00
men;Bladder;25-29;1973;0;0,00;0,00;0,00;0,00;0,00
men;Bladder;25-29;1974;0;0,00;0,00;0,00;0,00;0,00
men;Bladder;25-29;1975;2;0,90;0,90;0,90;0,90;0,00
men;Bladder;25-29;1976;1;0,40;0,40;0,40;0,40;0,00
men;Bladder;25-29;1977;1;0,40;0,40;0,40;0,40;0,00
men;Bladder;25-29;1978;1;0,50;0,50;0,50;0,50;0,00
men;Bladder;25-29;1979;1;0,50;0,50;0,50;0,50;0,00
men;Bladder;25-29;1980;0;0,00;0,00;0,00;0,00;0,00
men;Bladder;25-29;1981;3;1,50;1,50;1,50;1,50;0,01
men;Bladder;25-29;1982;1;0,50;0,50;0,50;0,50;0,00
men;Bladder;25-29;1983;2;1,00;1,00;1,00;1,00;0,00
men;Bladder;25-29;1984;0;0,00;0,00;0,00;0,00;0,00
men;Bladder;25-29;1985;3;1,50;1,50;1,50;1,50;0,01
men;Bladder;25-29;1986;1;0,50;0,50;0,50;0,50;0,00
men;Bladder;25-29;1987;1;0,50;0,50;0,50;0,50;0,00
men;Bladder;25-29;1988;2;1,00;1,00;1,00;1,00;0,01
men;Bladder;25-29;1989;0;0,00;0,00;0,00;0,00;0,00
men;Bladder;25-29;1990;1;0,50;0,50;0,50;0,50;0,00
men;Bladder;25-29;1991;0;0,00;0,00;0,00;0,00;0,00
men;Bladder;25-29;1992;1;0,50;0,50;0,50;0,50;0,00
men;Bladder;25-29;1993;1;0,50;0,50;0,50;0,50;0,00
men;Bladder;25-29;1994;2;1,10;1,10;1,10;1,10;0,01
men;Bladder;25-29;1995;1;0,60;0,60;0,60;0,60;0,00
men;Bladder;25-29;1996;0;0,00;0,00;0,00;0,00;0,00
men;Bladder;25-29;1997;0;0,00;0,00;0,00;0,00;0,00
men;Bladder;25-29;1998;2;1,30;1,30;1,30;1,30;0,01
men;Bladder;25-29;1999;0;0,00;0,00;0,00;0,00;0,00
men;Bladder;25-29;2000;0;0,00;0,00;0,00;0,00;0,00
men;Bladder;25-29;2001;2;1,30;1,30;1,30;1,30;0,01
men;Bladder;25-29;2002;0;0,00;0,00;0,00;0,00;0,00
men;Bladder;25-29;2003;0;0,00;0,00;0,00;0,00;0,00
men;Bladder;25-29;2004;0;0,00;0,00;0,00;0,00;0,00
men;Bladder;25-29;2005;2;1,20;1,20;1,20;1,20;0,01
men;Bladder;25-29;2006;1;0,60;0,60;0,60;0,60;0,00
men;Bladder;25-29;2007;0;0,00;0,00;0,00;0,00;0,00
men;Bladder;25-29;2008;1;0,60;0,60;0,60;0,60;0,00
men;Bladder;25-29;2009;1;0,60;0,60;0,60;0,60;0,00
men;Bladder;25-29;2010;2;1,10;1,10;1,10;1,10;0,01
men;Bladder;25-29;2011;1;0,60;0,60;0,60;0,60;0,00
men;Bladder;25-29;2012;0;0,00;0,00;0,00;0,00;0,00
men;Bladder;25-29;2013;3;1,70;1,70;1,70;1,70;0,01
men;Bladder;25-29;2014;2;1,20;1,20;1,20;1,20;0,01
men;Bladder;25-29;2015;0;0,00;0,00;0,00;0,00;0,00
men;Bladder;25-29;2016;0;0,00;0,00;0,00;0,00;0,00
men;Bladder;30-34;1953;0;0,00;0,00;0,00;0,00;0,00
men;Bladder;30-34;1954;0;0,00;0,00;0,00;0,00;0,00
men;Bladder;30-34;1955;0;0,00;0,00;0,00;0,00;0,00
men;Bladder;30-34;1956;0;0,00;0,00;0,00;0,00;0,00
men;Bladder;30-34;1957;0;0,00;0,00;0,00;0,00;0,00
men;Bladder;30-34;1958;1;0,70;0,70;0,70;0,70;0,00
men;Bladder;30-34;1959;0;0,00;0,00;0,00;0,00;0,00
men;Bladder;30-34;1960;0;0,00;0,00;0,00;0,00;0,00
men;Bladder;30-34;1961;0;0,00;0,00;0,00;0,00;0,00
men;Bladder;30-34;1962;0;0,00;0,00;0,00;0,00;0,00
men;Bladder;30-34;1963;2;1,30;1,30;1,30;1,30;0,01
men;Bladder;30-34;1964;0;0,00;0,00;0,00;0,00;0,00
men;Bladder;30-34;1965;0;0,00;0,00;0,00;0,00;0,00
men;Bladder;30-34;1966;0;0,00;0,00;0,00;0,00;0,00
men;Bladder;30-34;1967;0;0,00;0,00;0,00;0,00;0,00
men;Bladder;30-34;1968;0;0,00;0,00;0,00;0,00;0,00
men;Bladder;30-34;1969;0;0,00;0,00;0,00;0,00;0,00
men;Bladder;30-34;1970;7;4,80;4,80;4,80;4,80;0,02
men;Bladder;30-34;1971;2;1,40;1,40;1,40;1,40;0,01
men;Bladder;30-34;1972;3;2,00;2,00;2,00;2,00;0,01
men;Bladder;30-34;1973;2;1,30;1,30;1,30;1,30;0,01
men;Bladder;30-34;1974;1;0,60;0,60;0,60;0,60;0,00
men;Bladder;30-34;1975;0;0,00;0,00;0,00;0,00;0,00
men;Bladder;30-34;1976;0;0,00;0,00;0,00;0,00;0,00
men;Bladder;30-34;1977;3;1,60;1,60;1,60;1,60;0,01
men;Bladder;30-34;1978;4;1,90;1,90;1,90;1,90;0,01
men;Bladder;30-34;1979;2;0,90;0,90;0,90;0,90;0,00
men;Bladder;30-34;1980;1;0,40;0,40;0,40;0,40;0,00
men;Bladder;30-34;1981;3;1,30;1,30;1,30;1,30;0,01
men;Bladder;30-34;1982;0;0,00;0,00;0,00;0,00;0,00
men;Bladder;30-34;1983;3;1,40;1,40;1,40;1,40;0,01
men;Bladder;30-34;1984;1;0,50;0,50;0,50;0,50;0,00
men;Bladder;30-34;1985;2;1,00;1,00;1,00;1,00;0,00
men;Bladder;30-34;1986;0;0,00;0,00;0,00;0,00;0,00
men;Bladder;30-34;1987;3;1,50;1,50;1,50;1,50;0,01
men;Bladder;30-34;1988;3;1,50;1,50;1,50;1,50;0,01
men;Bladder;30-34;1989;3;1,50;1,50;1,50;1,50;0,01
men;Bladder;30-34;1990;4;2,00;2,00;2,00;2,00;0,01
men;Bladder;30-34;1991;2;1,00;1,00;1,00;1,00;0,01
men;Bladder;30-34;1992;0;0,00;0,00;0,00;0,00;0,00
men;Bladder;30-34;1993;3;1,50;1,50;1,50;1,50;0,01
men;Bladder;30-34;1994;1;0,50;0,50;0,50;0,50;0,00
men;Bladder;30-34;1995;4;2,10;2,10;2,10;2,10;0,01
men;Bladder;30-34;1996;4;2,10;2,10;2,10;2,10;0,01
men;Bladder;30-34;1997;1;0,50;0,50;0,50;0,50;0,00
men;Bladder;30-34;1998;4;2,10;2,10;2,10;2,10;0,01
men;Bladder;30-34;1999;0;0,00;0,00;0,00;0,00;0,00
men;Bladder;30-34;2000;3;1,70;1,70;1,70;1,70;0,01
men;Bladder;30-34;2001;3;1,70;1,70;1,70;1,70;0,01
men;Bladder;30-34;2002;2;1,20;1,20;1,20;1,20;0,01
men;Bladder;30-34;2003;1;0,60;0,60;0,60;0,60;0,00
men;Bladder;30-34;2004;2;1,30;1,30;1,30;1,30;0,01
men;Bladder;30-34;2005;4;2,60;2,60;2,60;2,60;0,01
men;Bladder;30-34;2006;3;1,90;1,90;1,90;1,90;0,01
men;Bladder;30-34;2007;1;0,60;0,60;0,60;0,60;0,00
men;Bladder;30-34;2008;4;2,40;2,40;2,40;2,40;0,01
men;Bladder;30-34;2009;3;1,70;1,70;1,70;1,70;0,01
men;Bladder;30-34;2010;3;1,70;1,70;1,70;1,70;0,01
men;Bladder;30-34;2011;3;1,70;1,70;1,70;1,70;0,01
men;Bladder;30-34;2012;2;1,10;1,10;1,10;1,10;0,01
men;Bladder;30-34;2013;2;1,10;1,10;1,10;1,10;0,01
men;Bladder;30-34;2014;1;0,60;0,60;0,60;0,60;0,00
men;Bladder;30-34;2015;3;1,60;1,60;1,60;1,60;0,01
men;Bladder;30-34;2016;3;1,60;1,60;1,60;1,60;0,01
men;Bladder;35-39;1953;1;0,70;0,70;0,70;0,70;0,00
men;Bladder;35-39;1954;0;0,00;0,00;0,00;0,00;0,00
men;Bladder;35-39;1955;1;0,70;0,70;0,70;0,70;0,00
men;Bladder;35-39;1956;1;0,70;0,70;0,70;0,70;0,00
men;Bladder;35-39;1957;1;0,70;0,70;0,70;0,70;0,00
men;Bladder;35-39;1958;3;2,10;2,10;2,10;2,10;0,01
men;Bladder;35-39;1959;1;0,70;0,70;0,70;0,70;0,00
men;Bladder;35-39;1960;0;0,00;0,00;0,00;0,00;0,00
men;Bladder;35-39;1961;1;0,70;0,70;0,70;0,70;0,00
men;Bladder;35-39;1962;1;0,70;0,70;0,70;0,70;0,00
men;Bladder;35-39;1963;0;0,00;0,00;0,00;0,00;0,00
men;Bladder;35-39;1964;1;0,70;0,70;0,70;0,70;0,00
men;Bladder;35-39;1965;0;0,00;0,00;0,00;0,00;0,00
men;Bladder;35-39;1966;0;0,00;0,00;0,00;0,00;0,00
men;Bladder;35-39;1967;2;1,30;1,30;1,30;1,30;0,01
men;Bladder;35-39;1968;4;2,70;2,70;2,70;2,70;0,01
men;Bladder;35-39;1969;2;1,40;1,40;1,40;1,40;0,01
men;Bladder;35-39;1970;2;1,40;1,40;1,40;1,40;0,01
men;Bladder;35-39;1971;2;1,40;1,40;1,40;1,40;0,01
men;Bladder;35-39;1972;1;0,70;0,70;0,70;0,70;0,00
men;Bladder;35-39;1973;2;1,40;1,40;1,40;1,40;0,01
men;Bladder;35-39;1974;0;0,00;0,00;0,00;0,00;0,00
men;Bladder;35-39;1975;3;2,00;2,00;2,00;2,00;0,01
men;Bladder;35-39;1976;2;1,30;1,30;1,30;1,30;0,01
men;Bladder;35-39;1977;2;1,30;1,30;1,30;1,30;0,01
men;Bladder;35-39;1978;2;1,30;1,30;1,30;1,30;0,01
men;Bladder;35-39;1979;5;3,30;3,30;3,30;3,30;0,02
men;Bladder;35-39;1980;2;1,20;1,20;1,20;1,20;0,01
men;Bladder;35-39;1981;3;1,70;1,70;1,70;1,70;0,01
men;Bladder;35-39;1982;1;0,50;0,50;0,50;0,50;0,00
men;Bladder;35-39;1983;7;3,40;3,40;3,40;3,40;0,02
men;Bladder;35-39;1984;0;0,00;0,00;0,00;0,00;0,00
men;Bladder;35-39;1985;4;1,80;1,80;1,80;1,80;0,01
men;Bladder;35-39;1986;9;4,00;4,00;4,00;4,00;0,02
men;Bladder;35-39;1987;4;1,80;1,80;1,80;1,80;0,01
men;Bladder;35-39;1988;1;0,50;0,50;0,50;0,50;0,00
men;Bladder;35-39;1989;3;1,40;1,40;1,40;1,40;0,01
men;Bladder;35-39;1990;5;2,40;2,40;2,40;2,40;0,01
men;Bladder;35-39;1991;6;2,90;2,90;2,90;2,90;0,01
men;Bladder;35-39;1992;3;1,50;1,50;1,50;1,50;0,01
men;Bladder;35-39;1993;4;2,00;2,00;2,00;2,00;0,01
men;Bladder;35-39;1994;5;2,50;2,50;2,50;2,50;0,01
men;Bladder;35-39;1995;2;1,00;1,00;1,00;1,00;0,01
men;Bladder;35-39;1996;3;1,50;1,50;1,50;1,50;0,01
men;Bladder;35-39;1997;5;2,60;2,60;2,60;2,60;0,01
men;Bladder;35-39;1998;3;1,60;1,60;1,60;1,60;0,01
men;Bladder;35-39;1999;4;2,10;2,10;2,10;2,10;0,01
men;Bladder;35-39;2000;7;3,60;3,60;3,60;3,60;0,02
men;Bladder;35-39;2001;2;1,00;1,00;1,00;1,00;0,01
men;Bladder;35-39;2002;3;1,60;1,60;1,60;1,60;0,01
men;Bladder;35-39;2003;4;2,10;2,10;2,10;2,10;0,01
men;Bladder;35-39;2004;5;2,70;2,70;2,70;2,70;0,01
men;Bladder;35-39;2005;4;2,20;2,20;2,20;2,20;0,01
men;Bladder;35-39;2006;2;1,20;1,20;1,20;1,20;0,01
men;Bladder;35-39;2007;4;2,40;2,40;2,40;2,40;0,01
men;Bladder;35-39;2008;5;3,10;3,10;3,10;3,10;0,02
men;Bladder;35-39;2009;4;2,50;2,50;2,50;2,50;0,01
men;Bladder;35-39;2010;3;1,90;1,90;1,90;1,90;0,01
men;Bladder;35-39;2011;2;1,20;1,20;1,20;1,20;0,01
men;Bladder;35-39;2012;4;2,40;2,40;2,40;2,40;0,01
men;Bladder;35-39;2013;4;2,30;2,30;2,30;2,30;0,01
men;Bladder;35-39;2014;3;1,70;1,70;1,70;1,70;0,01
men;Bladder;35-39;2015;7;4,00;4,00;4,00;4,00;0,02
men;Bladder;35-39;2016;3;1,70;1,70;1,70;1,70;0,01
men;Bladder;40-44;1953;3;2,30;2,30;2,30;2,30;0,01
men;Bladder;40-44;1954;3;2,30;2,30;2,30;2,30;0,01
men;Bladder;40-44;1955;2;1,50;1,50;1,50;1,50;0,01
men;Bladder;40-44;1956;2;1,60;1,60;1,60;1,60;0,01
men;Bladder;40-44;1957;5;3,90;3,90;3,90;3,90;0,02
men;Bladder;40-44;1958;2;1,60;1,60;1,60;1,60;0,01
men;Bladder;40-44;1959;1;0,80;0,80;0,80;0,80;0,00
men;Bladder;40-44;1960;0;0,00;0,00;0,00;0,00;0,00
men;Bladder;40-44;1961;1;0,80;0,80;0,80;0,80;0,00
men;Bladder;40-44;1962;2;1,60;1,60;1,60;1,60;0,01
men;Bladder;40-44;1963;0;0,00;0,00;0,00;0,00;0,00
men;Bladder;40-44;1964;2;1,50;1,50;1,50;1,50;0,01
men;Bladder;40-44;1965;1;0,70;0,70;0,70;0,70;0,00
men;Bladder;40-44;1966;5;3,60;3,60;3,60;3,60;0,02
men;Bladder;40-44;1967;1;0,70;0,70;0,70;0,70;0,00
men;Bladder;40-44;1968;3;2,10;2,10;2,10;2,10;0,01
men;Bladder;40-44;1969;5;3,50;3,50;3,50;3,50;0,02
men;Bladder;40-44;1970;7;4,80;4,80;4,80;4,80;0,02
men;Bladder;40-44;1971;3;2,10;2,10;2,10;2,10;0,01
men;Bladder;40-44;1972;4;2,80;2,80;2,80;2,80;0,01
men;Bladder;40-44;1973;3;2,10;2,10;2,10;2,10;0,01
men;Bladder;40-44;1974;5;3,60;3,60;3,60;3,60;0,02
men;Bladder;40-44;1975;3;2,20;2,20;2,20;2,20;0,01
men;Bladder;40-44;1976;8;5,90;5,90;5,90;5,90;0,03
men;Bladder;40-44;1977;5;3,70;3,70;3,70;3,70;0,02
men;Bladder;40-44;1978;9;6,50;6,50;6,50;6,50;0,03
men;Bladder;40-44;1979;4;2,80;2,80;2,80;2,80;0,01
men;Bladder;40-44;1980;3;2,10;2,10;2,10;2,10;0,01
men;Bladder;40-44;1981;6;4,10;4,10;4,10;4,10;0,02
men;Bladder;40-44;1982;3;2,00;2,00;2,00;2,00;0,01
men;Bladder;40-44;1983;3;2,00;2,00;2,00;2,00;0,01
men;Bladder;40-44;1984;7;4,60;4,60;4,60;4,60;0,02
men;Bladder;40-44;1985;6;3,70;3,70;3,70;3,70;0,02
men;Bladder;40-44;1986;4;2,30;2,30;2,30;2,30;0,01
men;Bladder;40-44;1987;8;4,30;4,30;4,30;4,30;0,02
men;Bladder;40-44;1988;12;5,90;5,90;5,90;5,90;0,03
men;Bladder;40-44;1989;15;6,90;6,90;6,90;6,90;0,03
men;Bladder;40-44;1990;14;6,30;6,30;6,30;6,30;0,03
men;Bladder;40-44;1991;12;5,40;5,40;5,40;5,40;0,03
men;Bladder;40-44;1992;7;3,20;3,20;3,20;3,20;0,02
men;Bladder;40-44;1993;4;1,90;1,90;1,90;1,90;0,01
men;Bladder;40-44;1994;7;3,30;3,30;3,30;3,30;0,02
men;Bladder;40-44;1995;9;4,40;4,40;4,40;4,40;0,02
men;Bladder;40-44;1996;8;3,90;3,90;3,90;3,90;0,02
men;Bladder;40-44;1997;13;6,40;6,40;6,40;6,40;0,03
men;Bladder;40-44;1998;9;4,50;4,50;4,50;4,50;0,02
men;Bladder;40-44;1999;9;4,60;4,60;4,60;4,60;0,02
men;Bladder;40-44;2000;3;1,50;1,50;1,50;1,50;0,01
men;Bladder;40-44;2001;6;3,10;3,10;3,10;3,10;0,02
men;Bladder;40-44;2002;9;4,70;4,70;4,70;4,70;0,02
men;Bladder;40-44;2003;4;2,10;2,10;2,10;2,10;0,01
men;Bladder;40-44;2004;9;4,70;4,70;4,70;4,70;0,02
men;Bladder;40-44;2005;5;2,60;2,60;2,60;2,60;0,01
men;Bladder;40-44;2006;4;2,10;2,10;2,10;2,10;0,01
men;Bladder;40-44;2007;4;2,10;2,10;2,10;2,10;0,01
men;Bladder;40-44;2008;7;3,70;3,70;3,70;3,70;0,02
men;Bladder;40-44;2009;6;3,30;3,30;3,30;3,30;0,02
men;Bladder;40-44;2010;6;3,40;3,40;3,40;3,40;0,02
men;Bladder;40-44;2011;7;4,00;4,00;4,00;4,00;0,02
men;Bladder;40-44;2012;6;3,60;3,60;3,60;3,60;0,02
men;Bladder;40-44;2013;3;1,80;1,80;1,80;1,80;0,01
men;Bladder;40-44;2014;7;4,40;4,40;4,40;4,40;0,02
men;Bladder;40-44;2015;1;0,60;0,60;0,60;0,60;0,00
men;Bladder;40-44;2016;4;2,40;2,40;2,40;2,40;0,01
men;Bladder;45-49;1953;2;1,70;1,70;1,70;1,70;0,01
men;Bladder;45-49;1954;7;6,00;6,00;6,00;6,00;0,03
men;Bladder;45-49;1955;4;3,40;3,40;3,40;3,40;0,02
men;Bladder;45-49;1956;6;5,10;5,10;5,10;5,10;0,03
men;Bladder;45-49;1957;8;6,70;6,70;6,70;6,70;0,03
men;Bladder;45-49;1958;3;2,50;2,50;2,50;2,50;0,01
men;Bladder;45-49;1959;3;2,50;2,50;2,50;2,50;0,01
men;Bladder;45-49;1960;1;0,80;0,80;0,80;0,80;0,00
men;Bladder;45-49;1961;3;2,50;2,50;2,50;2,50;0,01
men;Bladder;45-49;1962;3;2,50;2,50;2,50;2,50;0,01
men;Bladder;45-49;1963;5;4,20;4,20;4,20;4,20;0,02
men;Bladder;45-49;1964;4;3,40;3,40;3,40;3,40;0,02
men;Bladder;45-49;1965;4;3,50;3,50;3,50;3,50;0,02
men;Bladder;45-49;1966;8;7,00;7,00;7,00;7,00;0,03
men;Bladder;45-49;1967;5;4,20;4,20;4,20;4,20;0,02
men;Bladder;45-49;1968;5;4,10;4,10;4,10;4,10;0,02
men;Bladder;45-49;1969;12;9,60;9,60;9,60;9,60;0,05
men;Bladder;45-49;1970;12;9,30;9,30;9,30;9,30;0,05
men;Bladder;45-49;1971;10;7,60;7,60;7,60;7,60;0,04
men;Bladder;45-49;1972;10;7,40;7,40;7,40;7,40;0,04
men;Bladder;45-49;1973;9;6,60;6,60;6,60;6,60;0,03
men;Bladder;45-49;1974;13;9,30;9,30;9,30;9,30;0,05
men;Bladder;45-49;1975;14;9,90;9,90;9,90;9,90;0,05
men;Bladder;45-49;1976;11;7,70;7,70;7,70;7,70;0,04
men;Bladder;45-49;1977;8;5,70;5,70;5,70;5,70;0,03
men;Bladder;45-49;1978;13;9,30;9,30;9,30;9,30;0,05
men;Bladder;45-49;1979;6;4,40;4,40;4,40;4,40;0,02
men;Bladder;45-49;1980;10;7,50;7,50;7,50;7,50;0,04
men;Bladder;45-49;1981;7;5,30;5,30;5,30;5,30;0,03
men;Bladder;45-49;1982;10;7,50;7,50;7,50;7,50;0,04
men;Bladder;45-49;1983;10;7,40;7,40;7,40;7,40;0,04
men;Bladder;45-49;1984;12;8,60;8,60;8,60;8,60;0,04
men;Bladder;45-49;1985;6;4,20;4,20;4,20;4,20;0,02
men;Bladder;45-49;1986;17;11,70;11,70;11,70;11,70;0,06
men;Bladder;45-49;1987;16;10,80;10,80;10,80;10,80;0,05
men;Bladder;45-49;1988;11;7,50;7,50;7,50;7,50;0,04
men;Bladder;45-49;1989;12;8,10;8,10;8,10;8,10;0,04
men;Bladder;45-49;1990;14;8,90;8,90;8,90;8,90;0,04
men;Bladder;45-49;1991;10;5,90;5,90;5,90;5,90;0,03
men;Bladder;45-49;1992;25;13,70;13,70;13,70;13,70;0,07
men;Bladder;45-49;1993;15;7,50;7,50;7,50;7,50;0,04
men;Bladder;45-49;1994;21;9,90;9,90;9,90;9,90;0,05
men;Bladder;45-49;1995;17;7,70;7,70;7,70;7,70;0,04
men;Bladder;45-49;1996;13;5,90;5,90;5,90;5,90;0,03
men;Bladder;45-49;1997;20;9,30;9,30;9,30;9,30;0,05
men;Bladder;45-49;1998;19;9,00;9,00;9,00;9,00;0,05
men;Bladder;45-49;1999;11;5,30;5,30;5,30;5,30;0,03
men;Bladder;45-49;2000;12;5,90;5,90;5,90;5,90;0,03
men;Bladder;45-49;2001;13;6,50;6,50;6,50;6,50;0,03
men;Bladder;45-49;2002;7;3,50;3,50;3,50;3,50;0,02
men;Bladder;45-49;2003;12;6,10;6,10;6,10;6,10;0,03
men;Bladder;45-49;2004;14;7,20;7,20;7,20;7,20;0,04
men;Bladder;45-49;2005;18;9,40;9,40;9,40;9,40;0,05
men;Bladder;45-49;2006;15;7,90;7,90;7,90;7,90;0,04
men;Bladder;45-49;2007;14;7,40;7,40;7,40;7,40;0,04
men;Bladder;45-49;2008;13;6,90;6,90;6,90;6,90;0,03
men;Bladder;45-49;2009;9;4,70;4,70;4,70;4,70;0,02
men;Bladder;45-49;2010;12;6,30;6,30;6,30;6,30;0,03
men;Bladder;45-49;2011;12;6,30;6,30;6,30;6,30;0,03
men;Bladder;45-49;2012;15;8,00;8,00;8,00;8,00;0,04
men;Bladder;45-49;2013;13;7,00;7,00;7,00;7,00;0,03
men;Bladder;45-49;2014;14;7,70;7,70;7,70;7,70;0,04
men;Bladder;45-49;2015;9;5,00;5,00;5,00;5,00;0,03
men;Bladder;45-49;2016;15;8,60;8,60;8,60;8,60;0,04
men;Bladder;50-54;1953;6;5,80;5,80;5,80;5,80;0,03
men;Bladder;50-54;1954;8;7,70;7,70;7,70;7,70;0,04
men;Bladder;50-54;1955;4;3,70;3,70;3,70;3,70;0,02
men;Bladder;50-54;1956;7;6,40;6,40;6,40;6,40;0,03
men;Bladder;50-54;1957;6;5,30;5,30;5,30;5,30;0,03
men;Bladder;50-54;1958;11;9,50;9,50;9,50;9,50;0,05
men;Bladder;50-54;1959;11;9,20;9,20;9,20;9,20;0,05
men;Bladder;50-54;1960;15;12,30;12,30;12,30;12,30;0,06
men;Bladder;50-54;1961;15;12,00;12,00;12,00;12,00;0,06
men;Bladder;50-54;1962;16;12,70;12,70;12,70;12,70;0,06
men;Bladder;50-54;1963;12;9,70;9,70;9,70;9,70;0,05
men;Bladder;50-54;1964;10;8,20;8,20;8,20;8,20;0,04
men;Bladder;50-54;1965;14;11,60;11,60;11,60;11,60;0,06
men;Bladder;50-54;1966;13;11,00;11,00;11,00;11,00;0,06
men;Bladder;50-54;1967;10;8,70;8,70;8,70;8,70;0,04
men;Bladder;50-54;1968;13;11,50;11,50;11,50;11,50;0,06
men;Bladder;50-54;1969;13;11,80;11,80;11,80;11,80;0,06
men;Bladder;50-54;1970;12;11,20;11,20;11,20;11,20;0,06
men;Bladder;50-54;1971;14;13,00;13,00;13,00;13,00;0,06
men;Bladder;50-54;1972;11;10,00;10,00;10,00;10,00;0,05
men;Bladder;50-54;1973;14;12,40;12,40;12,40;12,40;0,06
men;Bladder;50-54;1974;26;22,00;22,00;22,00;22,00;0,11
men;Bladder;50-54;1975;24;19,60;19,60;19,60;19,60;0,10
men;Bladder;50-54;1976;19;15,20;15,20;15,20;15,20;0,08
men;Bladder;50-54;1977;25;19,50;19,50;19,50;19,50;0,10
men;Bladder;50-54;1978;34;25,90;25,90;25,90;25,90;0,13
men;Bladder;50-54;1979;30;22,50;22,50;22,50;22,50;0,11
men;Bladder;50-54;1980;21;15,50;15,50;15,50;15,50;0,08
men;Bladder;50-54;1981;26;19,10;19,10;19,10;19,10;0,10
men;Bladder;50-54;1982;21;15,50;15,50;15,50;15,50;0,08
men;Bladder;50-54;1983;18;13,50;13,50;13,50;13,50;0,07
men;Bladder;50-54;1984;19;14,50;14,50;14,50;14,50;0,07
men;Bladder;50-54;1985;20;15,50;15,50;15,50;15,50;0,08
men;Bladder;50-54;1986;10;7,80;7,80;7,80;7,80;0,04
men;Bladder;50-54;1987;19;14,80;14,80;14,80;14,80;0,07
men;Bladder;50-54;1988;13;9,90;9,90;9,90;9,90;0,05
men;Bladder;50-54;1989;32;23,60;23,60;23,60;23,60;0,12
men;Bladder;50-54;1990;17;12,40;12,40;12,40;12,40;0,06
men;Bladder;50-54;1991;24;17,10;17,10;17,10;17,10;0,09
men;Bladder;50-54;1992;26;18,10;18,10;18,10;18,10;0,09
men;Bladder;50-54;1993;29;20,30;20,30;20,30;20,30;0,10
men;Bladder;50-54;1994;22;15,20;15,20;15,20;15,20;0,08
men;Bladder;50-54;1995;19;12,40;12,40;12,40;12,40;0,06
men;Bladder;50-54;1996;32;19,50;19,50;19,50;19,50;0,10
men;Bladder;50-54;1997;24;13,50;13,50;13,50;13,50;0,07
men;Bladder;50-54;1998;34;17,50;17,50;17,50;17,50;0,09
men;Bladder;50-54;1999;28;13,50;13,50;13,50;13,50;0,07
men;Bladder;50-54;2000;31;14,50;14,50;14,50;14,50;0,07
men;Bladder;50-54;2001;39;18,30;18,30;18,30;18,30;0,09
men;Bladder;50-54;2002;32;15,30;15,30;15,30;15,30;0,08
men;Bladder;50-54;2003;22;10,70;10,70;10,70;10,70;0,05
men;Bladder;50-54;2004;35;17,40;17,40;17,40;17,40;0,09
men;Bladder;50-54;2005;23;11,70;11,70;11,70;11,70;0,06
men;Bladder;50-54;2006;36;18,40;18,40;18,40;18,40;0,09
men;Bladder;50-54;2007;17;8,80;8,80;8,80;8,80;0,04
men;Bladder;50-54;2008;29;15,20;15,20;15,20;15,20;0,08
men;Bladder;50-54;2009;30;15,90;15,90;15,90;15,90;0,08
men;Bladder;50-54;2010;20;10,70;10,70;10,70;10,70;0,05
men;Bladder;50-54;2011;30;16,10;16,10;16,10;16,10;0,08
men;Bladder;50-54;2012;31;16,80;16,80;16,80;16,80;0,08
men;Bladder;50-54;2013;20;10,80;10,80;10,80;10,80;0,05
men;Bladder;50-54;2014;30;16,00;16,00;16,00;16,00;0,08
men;Bladder;50-54;2015;20;10,70;10,70;10,70;10,70;0,05
men;Bladder;50-54;2016;21;11,20;11,20;11,20;11,20;0,06
men;Bladder;55-59;1953;11;13,40;13,40;13,40;13,40;0,07
men;Bladder;55-59;1954;7;8,40;8,40;8,40;8,40;0,04
men;Bladder;55-59;1955;9;10,50;10,50;10,50;10,50;0,05
men;Bladder;55-59;1956;12;13,60;13,60;13,60;13,60;0,07
men;Bladder;55-59;1957;11;12,10;12,10;12,10;12,10;0,06
men;Bladder;55-59;1958;13;13,90;13,90;13,90;13,90;0,07
men;Bladder;55-59;1959;16;16,60;16,60;16,60;16,60;0,08
men;Bladder;55-59;1960;15;15,20;15,20;15,20;15,20;0,08
men;Bladder;55-59;1961;15;14,80;14,80;14,80;14,80;0,07
men;Bladder;55-59;1962;16;15,30;15,30;15,30;15,30;0,08
men;Bladder;55-59;1963;16;14,90;14,90;14,90;14,90;0,07
men;Bladder;55-59;1964;23;20,90;20,90;20,90;20,90;0,10
men;Bladder;55-59;1965;21;18,60;18,60;18,60;18,60;0,09
men;Bladder;55-59;1966;20;17,50;17,50;17,50;17,50;0,09
men;Bladder;55-59;1967;19;16,80;16,80;16,80;16,80;0,08
men;Bladder;55-59;1968;27;24,10;24,10;24,10;24,10;0,12
men;Bladder;55-59;1969;27;24,30;24,30;24,30;24,30;0,12
men;Bladder;55-59;1970;31;28,20;28,20;28,20;28,20;0,14
men;Bladder;55-59;1971;29;26,80;26,80;26,80;26,80;0,13
men;Bladder;55-59;1972;21;20,10;20,10;20,10;20,10;0,10
men;Bladder;55-59;1973;19;18,80;18,80;18,80;18,80;0,09
men;Bladder;55-59;1974;24;24,50;24,50;24,50;24,50;0,12
men;Bladder;55-59;1975;25;25,80;25,80;25,80;25,80;0,13
men;Bladder;55-59;1976;24;24,20;24,20;24,20;24,20;0,12
men;Bladder;55-59;1977;37;36,30;36,30;36,30;36,30;0,18
men;Bladder;55-59;1978;38;36,20;36,20;36,20;36,20;0,18
men;Bladder;55-59;1979;35;31,80;31,80;31,80;31,80;0,16
men;Bladder;55-59;1980;40;35,00;35,00;35,00;35,00;0,17
men;Bladder;55-59;1981;49;41,90;41,90;41,90;41,90;0,21
men;Bladder;55-59;1982;41;34,20;34,20;34,20;34,20;0,17
men;Bladder;55-59;1983;36;29,30;29,30;29,30;29,30;0,15
men;Bladder;55-59;1984;50;39,90;39,90;39,90;39,90;0,20
men;Bladder;55-59;1985;37;29,10;29,10;29,10;29,10;0,15
men;Bladder;55-59;1986;30;23,40;23,40;23,40;23,40;0,12
men;Bladder;55-59;1987;42;32,80;32,80;32,80;32,80;0,16
men;Bladder;55-59;1988;46;36,40;36,40;36,40;36,40;0,18
men;Bladder;55-59;1989;34;27,40;27,40;27,40;27,40;0,14
men;Bladder;55-59;1990;33;26,90;26,90;26,90;26,90;0,13
men;Bladder;55-59;1991;32;26,30;26,30;26,30;26,30;0,13
men;Bladder;55-59;1992;29;23,70;23,70;23,70;23,70;0,12
men;Bladder;55-59;1993;37;29,50;29,50;29,50;29,50;0,15
men;Bladder;55-59;1994;38;29,30;29,30;29,30;29,30;0,15
men;Bladder;55-59;1995;44;33,60;33,60;33,60;33,60;0,17
men;Bladder;55-59;1996;49;36,30;36,30;36,30;36,30;0,18
men;Bladder;55-59;1997;46;33,40;33,40;33,40;33,40;0,17
men;Bladder;55-59;1998;34;24,80;24,80;24,80;24,80;0,12
men;Bladder;55-59;1999;44;31,70;31,70;31,70;31,70;0,16
men;Bladder;55-59;2000;47;32,10;32,10;32,10;32,10;0,16
men;Bladder;55-59;2001;47;29,90;29,90;29,90;29,90;0,15
men;Bladder;55-59;2002;45;26,40;26,40;26,40;26,40;0,13
men;Bladder;55-59;2003;64;34,20;34,20;34,20;34,20;0,17
men;Bladder;55-59;2004;44;22,10;22,10;22,10;22,10;0,11
men;Bladder;55-59;2005;63;30,60;30,60;30,60;30,60;0,15
men;Bladder;55-59;2006;56;27,30;27,30;27,30;27,30;0,14
men;Bladder;55-59;2007;58;28,70;28,70;28,70;28,70;0,14
men;Bladder;55-59;2008;58;29,30;29,30;29,30;29,30;0,15
men;Bladder;55-59;2009;59;30,50;30,50;30,50;30,50;0,15
men;Bladder;55-59;2010;58;30,50;30,50;30,50;30,50;0,15
men;Bladder;55-59;2011;64;33,90;33,90;33,90;33,90;0,17
men;Bladder;55-59;2012;58;30,90;30,90;30,90;30,90;0,15
men;Bladder;55-59;2013;54;29,10;29,10;29,10;29,10;0,15
men;Bladder;55-59;2014;53;28,90;28,90;28,90;28,90;0,14
men;Bladder;55-59;2015;64;35,10;35,10;35,10;35,10;0,18
men;Bladder;55-59;2016;47;26,00;26,00;26,00;26,00;0,13
men;Bladder;60-64;1953;13;20,20;20,20;20,20;20,20;0,10
men;Bladder;60-64;1954;16;24,50;24,50;24,50;24,50;0,12
men;Bladder;60-64;1955;10;14,90;14,90;14,90;14,90;0,07
men;Bladder;60-64;1956;14;20,30;20,30;20,30;20,30;0,10
men;Bladder;60-64;1957;23;32,50;32,50;32,50;32,50;0,16
men;Bladder;60-64;1958;26;35,90;35,90;35,90;35,90;0,18
men;Bladder;60-64;1959;13;17,50;17,50;17,50;17,50;0,09
men;Bladder;60-64;1960;22;28,90;28,90;28,90;28,90;0,14
men;Bladder;60-64;1961;18;23,10;23,10;23,10;23,10;0,12
men;Bladder;60-64;1962;17;21,30;21,30;21,30;21,30;0,11
men;Bladder;60-64;1963;32;38,90;38,90;38,90;38,90;0,19
men;Bladder;60-64;1964;23;27,30;27,30;27,30;27,30;0,14
men;Bladder;60-64;1965;29;33,50;33,50;33,50;33,50;0,17
men;Bladder;60-64;1966;28;31,50;31,50;31,50;31,50;0,16
men;Bladder;60-64;1967;38;41,50;41,50;41,50;41,50;0,21
men;Bladder;60-64;1968;38;40,40;40,40;40,40;40,40;0,20
men;Bladder;60-64;1969;42;43,40;43,40;43,40;43,40;0,22
men;Bladder;60-64;1970;40;40,30;40,30;40,30;40,30;0,20
men;Bladder;60-64;1971;37;36,90;36,90;36,90;36,90;0,18
men;Bladder;60-64;1972;41;40,70;40,70;40,70;40,70;0,20
men;Bladder;60-64;1973;52;51,40;51,40;51,40;51,40;0,26
men;Bladder;60-64;1974;39;39,00;39,00;39,00;39,00;0,19
men;Bladder;60-64;1975;38;38,90;38,90;38,90;38,90;0,19
men;Bladder;60-64;1976;44;46,40;46,40;46,40;46,40;0,23
men;Bladder;60-64;1977;55;59,90;59,90;59,90;59,90;0,30
men;Bladder;60-64;1978;49;54,50;54,50;54,50;54,50;0,27
men;Bladder;60-64;1979;35;40,10;40,10;40,10;40,10;0,20
men;Bladder;60-64;1980;43;49,60;49,60;49,60;49,60;0,25
men;Bladder;60-64;1981;47;52,70;52,70;52,70;52,70;0,26
men;Bladder;60-64;1982;43;46,90;46,90;46,90;46,90;0,23
men;Bladder;60-64;1983;57;60,20;60,20;60,20;60,20;0,30
men;Bladder;60-64;1984;54;54,30;54,30;54,30;54,30;0,27
men;Bladder;60-64;1985;63;60,80;60,80;60,80;60,80;0,30
men;Bladder;60-64;1986;54;50,90;50,90;50,90;50,90;0,25
men;Bladder;60-64;1987;75;68,70;68,70;68,70;68,70;0,34
men;Bladder;60-64;1988;56;50,00;50,00;50,00;50,00;0,25
men;Bladder;60-64;1989;62;54,20;54,20;54,20;54,20;0,27
men;Bladder;60-64;1990;67;57,60;57,60;57,60;57,60;0,29
men;Bladder;60-64;1991;71;60,40;60,40;60,40;60,40;0,30
men;Bladder;60-64;1992;76;64,50;64,50;64,50;64,50;0,32
men;Bladder;60-64;1993;85;72,90;72,90;72,90;72,90;0,36
men;Bladder;60-64;1994;58;50,50;50,50;50,50;50,50;0,25
men;Bladder;60-64;1995;55;48,20;48,20;48,20;48,20;0,24
men;Bladder;60-64;1996;73;64,20;64,20;64,20;64,20;0,32
men;Bladder;60-64;1997;59;51,60;51,60;51,60;51,60;0,26
men;Bladder;60-64;1998;55;46,80;46,80;46,80;46,80;0,23
men;Bladder;60-64;1999;66;54,30;54,30;54,30;54,30;0,27
men;Bladder;60-64;2000;50;40,70;40,70;40,70;40,70;0,20
men;Bladder;60-64;2001;66;52,00;52,00;52,00;52,00;0,26
men;Bladder;60-64;2002;66;50,80;50,80;50,80;50,80;0,25
men;Bladder;60-64;2003;70;54,20;54,20;54,20;54,20;0,27
men;Bladder;60-64;2004;72;55,00;55,00;55,00;55,00;0,27
men;Bladder;60-64;2005;84;60,70;60,70;60,70;60,70;0,30
men;Bladder;60-64;2006;83;55,90;55,90;55,90;55,90;0,28
men;Bladder;60-64;2007;92;57,00;57,00;57,00;57,00;0,28
men;Bladder;60-64;2008;93;52,60;52,60;52,60;52,60;0,26
men;Bladder;60-64;2009;100;53,00;53,00;53,00;53,00;0,26
men;Bladder;60-64;2010;109;55,90;55,90;55,90;55,90;0,28
men;Bladder;60-64;2011;100;51,40;51,40;51,40;51,40;0,26
men;Bladder;60-64;2012;87;45,40;45,40;45,40;45,40;0,23
men;Bladder;60-64;2013;83;44,10;44,10;44,10;44,10;0,22
men;Bladder;60-64;2014;98;53,20;53,20;53,20;53,20;0,27
men;Bladder;60-64;2015;86;47,40;47,40;47,40;47,40;0,24
men;Bladder;60-64;2016;83;46,00;46,00;46,00;46,00;0,23
men;Bladder;65-69;1953;19;41,20;41,20;41,20;41,20;0,21
men;Bladder;65-69;1954;20;43,00;43,00;43,00;43,00;0,21
men;Bladder;65-69;1955;14;29,50;29,50;29,50;29,50;0,15
men;Bladder;65-69;1956;14;28,90;28,90;28,90;28,90;0,14
men;Bladder;65-69;1957;14;28,30;28,30;28,30;28,30;0,14
men;Bladder;65-69;1958;20;39,70;39,70;39,70;39,70;0,20
men;Bladder;65-69;1959;24;46,70;46,70;46,70;46,70;0,23
men;Bladder;65-69;1960;24;45,90;45,90;45,90;45,90;0,23
men;Bladder;65-69;1961;21;39,40;39,40;39,40;39,40;0,20
men;Bladder;65-69;1962;13;23,70;23,70;23,70;23,70;0,12
men;Bladder;65-69;1963;40;70,40;70,40;70,40;70,40;0,35
men;Bladder;65-69;1964;27;46,00;46,00;46,00;46,00;0,23
men;Bladder;65-69;1965;27;44,50;44,50;44,50;44,50;0,22
men;Bladder;65-69;1966;32;51,10;51,10;51,10;51,10;0,25
men;Bladder;65-69;1967;36;55,60;55,60;55,60;55,60;0,28
men;Bladder;65-69;1968;39;58,40;58,40;58,40;58,40;0,29
men;Bladder;65-69;1969;44;63,90;63,90;63,90;63,90;0,32
men;Bladder;65-69;1970;33;46,50;46,50;46,50;46,50;0,23
men;Bladder;65-69;1971;45;61,50;61,50;61,50;61,50;0,31
men;Bladder;65-69;1972;50;66,40;66,40;66,40;66,40;0,33
men;Bladder;65-69;1973;61;78,80;78,80;78,80;78,80;0,39
men;Bladder;65-69;1974;61;76,50;76,50;76,50;76,50;0,38
men;Bladder;65-69;1975;63;76,80;76,80;76,80;76,80;0,38
men;Bladder;65-69;1976;60;71,70;71,70;71,70;71,70;0,36
men;Bladder;65-69;1977;72;85,10;85,10;85,10;85,10;0,42
men;Bladder;65-69;1978;68;80,30;80,30;80,30;80,30;0,40
men;Bladder;65-69;1979;62;73,90;73,90;73,90;73,90;0,37
men;Bladder;65-69;1980;46;55,80;55,80;55,80;55,80;0,28
men;Bladder;65-69;1981;63;78,40;78,40;78,40;78,40;0,39
men;Bladder;65-69;1982;82;105,00;105,00;105,00;105,00;0,52
men;Bladder;65-69;1983;42;54,80;54,80;54,80;54,80;0,27
men;Bladder;65-69;1984;60;80,30;80,30;80,30;80,30;0,40
men;Bladder;65-69;1985;68;91,50;91,50;91,50;91,50;0,46
men;Bladder;65-69;1986;78;101,40;101,40;101,40;101,40;0,51
men;Bladder;65-69;1987;75;94,60;94,60;94,60;94,60;0,47
men;Bladder;65-69;1988;85;103,80;103,80;103,80;103,80;0,52
men;Bladder;65-69;1989;83;96,20;96,20;96,20;96,20;0,48
men;Bladder;65-69;1990;91;100,90;100,90;100,90;100,90;0,50
men;Bladder;65-69;1991;104;112,10;112,10;112,10;112,10;0,56
men;Bladder;65-69;1992;102;106,60;106,60;106,60;106,60;0,53
men;Bladder;65-69;1993;97;98,50;98,50;98,50;98,50;0,49
men;Bladder;65-69;1994;92;91,00;91,00;91,00;91,00;0,45
men;Bladder;65-69;1995;113;109,50;109,50;109,50;109,50;0,55
men;Bladder;65-69;1996;106;101,20;101,20;101,20;101,20;0,50
men;Bladder;65-69;1997;82;77,70;77,70;77,70;77,70;0,39
men;Bladder;65-69;1998;89;85,00;85,00;85,00;85,00;0,42
men;Bladder;65-69;1999;80;77,30;77,30;77,30;77,30;0,39
men;Bladder;65-69;2000;89;86,20;86,20;86,20;86,20;0,43
men;Bladder;65-69;2001;76;73,60;73,60;73,60;73,60;0,37
men;Bladder;65-69;2002;97;93,00;93,00;93,00;93,00;0,46
men;Bladder;65-69;2003;83;77,30;77,30;77,30;77,30;0,39
men;Bladder;65-69;2004;90;80,80;80,80;80,80;80,80;0,40
men;Bladder;65-69;2005;105;93,00;93,00;93,00;93,00;0,46
men;Bladder;65-69;2006;104;89,10;89,10;89,10;89,10;0,44
men;Bladder;65-69;2007;109;91,10;91,10;91,10;91,10;0,45
men;Bladder;65-69;2008;101;84,80;84,80;84,80;84,80;0,42
men;Bladder;65-69;2009;124;102,70;102,70;102,70;102,70;0,51
men;Bladder;65-69;2010;109;85,30;85,30;85,30;85,30;0,43
men;Bladder;65-69;2011;119;86,60;86,60;86,60;86,60;0,43
men;Bladder;65-69;2012;143;95,60;95,60;95,60;95,60;0,48
men;Bladder;65-69;2013;148;90,30;90,30;90,30;90,30;0,45
men;Bladder;65-69;2014;151;86,30;86,30;86,30;86,30;0,43
men;Bladder;65-69;2015;140;77,30;77,30;77,30;77,30;0,39
men;Bladder;65-69;2016;169;93,40;93,40;93,40;93,40;0,47
men;Bladder;70-74;1953;15;47,70;47,70;47,70;47,70;0,24
men;Bladder;70-74;1954;12;37,80;37,80;37,80;37,80;0,19
men;Bladder;70-74;1955;17;52,50;52,50;52,50;52,50;0,26
men;Bladder;70-74;1956;8;24,20;24,20;24,20;24,20;0,12
men;Bladder;70-74;1957;19;56,40;56,40;56,40;56,40;0,28
men;Bladder;70-74;1958;25;72,90;72,90;72,90;72,90;0,36
men;Bladder;70-74;1959;25;71,50;71,50;71,50;71,50;0,36
men;Bladder;70-74;1960;16;44,90;44,90;44,90;44,90;0,22
men;Bladder;70-74;1961;25;68,90;68,90;68,90;68,90;0,34
men;Bladder;70-74;1962;25;67,70;67,70;67,70;67,70;0,34
men;Bladder;70-74;1963;14;37,20;37,20;37,20;37,20;0,19
men;Bladder;70-74;1964;31;81,20;81,20;81,20;81,20;0,41
men;Bladder;70-74;1965;23;59,40;59,40;59,40;59,40;0,30
men;Bladder;70-74;1966;30;75,60;75,60;75,60;75,60;0,38
men;Bladder;70-74;1967;40;97,40;97,40;97,40;97,40;0,49
men;Bladder;70-74;1968;27;63,60;63,60;63,60;63,60;0,32
men;Bladder;70-74;1969;38;86,70;86,70;86,70;86,70;0,43
men;Bladder;70-74;1970;49;108,30;108,30;108,30;108,30;0,54
men;Bladder;70-74;1971;34;72,70;72,70;72,70;72,70;0,36
men;Bladder;70-74;1972;45;92,40;92,40;92,40;92,40;0,46
men;Bladder;70-74;1973;61;121,10;121,10;121,10;121,10;0,60
men;Bladder;70-74;1974;57;109,80;109,80;109,80;109,80;0,55
men;Bladder;70-74;1975;68;127,10;127,10;127,10;127,10;0,63
men;Bladder;70-74;1976;63;114,30;114,30;114,30;114,30;0,57
men;Bladder;70-74;1977;67;117,20;117,20;117,20;117,20;0,58
men;Bladder;70-74;1978;75;126,60;126,60;126,60;126,60;0,63
men;Bladder;70-74;1979;78;127,40;127,40;127,40;127,40;0,64
men;Bladder;70-74;1980;79;125,10;125,10;125,10;125,10;0,62
men;Bladder;70-74;1981;86;132,70;132,70;132,70;132,70;0,66
men;Bladder;70-74;1982;107;162,10;162,10;162,10;162,10;0,81
men;Bladder;70-74;1983;92;138,60;138,60;138,60;138,60;0,69
men;Bladder;70-74;1984;94;142,40;142,40;142,40;142,40;0,71
men;Bladder;70-74;1985;78;119,70;119,70;119,70;119,70;0,60
men;Bladder;70-74;1986;93;146,20;146,20;146,20;146,20;0,73
men;Bladder;70-74;1987;96;154,60;154,60;154,60;154,60;0,77
men;Bladder;70-74;1988;90;146,70;146,70;146,70;146,70;0,73
men;Bladder;70-74;1989;85;141,60;141,60;141,60;141,60;0,71
men;Bladder;70-74;1990;94;156,70;156,70;156,70;156,70;0,78
men;Bladder;70-74;1991;104;166,80;166,80;166,80;166,80;0,83
men;Bladder;70-74;1992;115;178,20;178,20;178,20;178,20;0,89
men;Bladder;70-74;1993;113;168,70;168,70;168,70;168,70;0,84
men;Bladder;70-74;1994;118;166,50;166,50;166,50;166,50;0,83
men;Bladder;70-74;1995;140;188,20;188,20;188,20;188,20;0,94
men;Bladder;70-74;1996;132;171,50;171,50;171,50;171,50;0,85
men;Bladder;70-74;1997;128;160,20;160,20;160,20;160,20;0,80
men;Bladder;70-74;1998;128;154,60;154,60;154,60;154,60;0,77
men;Bladder;70-74;1999;122;143,20;143,20;143,20;143,20;0,71
men;Bladder;70-74;2000;122;139,60;139,60;139,60;139,60;0,70
men;Bladder;70-74;2001;126;141,30;141,30;141,30;141,30;0,70
men;Bladder;70-74;2002;99;109,70;109,70;109,70;109,70;0,55
men;Bladder;70-74;2003;115;127,70;127,70;127,70;127,70;0,64
men;Bladder;70-74;2004;104;116,00;116,00;116,00;116,00;0,58
men;Bladder;70-74;2005;122;135,40;135,40;135,40;135,40;0,67
men;Bladder;70-74;2006;125;137,90;137,90;137,90;137,90;0,69
men;Bladder;70-74;2007;100;108,80;108,80;108,80;108,80;0,54
men;Bladder;70-74;2008;133;139,90;139,90;139,90;139,90;0,70
men;Bladder;70-74;2009;139;140,50;140,50;140,50;140,50;0,70
men;Bladder;70-74;2010;140;139,40;139,40;139,40;139,40;0,69
men;Bladder;70-74;2011;149;143,10;143,10;143,10;143,10;0,71
men;Bladder;70-74;2012;150;140,30;140,30;140,30;140,30;0,70
men;Bladder;70-74;2013;150;140,70;140,70;140,70;140,70;0,70
men;Bladder;70-74;2014;143;132,00;132,00;132,00;132,00;0,66
men;Bladder;70-74;2015;165;143,70;143,70;143,70;143,70;0,72
men;Bladder;70-74;2016;161;130,10;130,10;130,10;130,10;0,65
men;Bladder;75-79;1953;14;76,50;76,50;76,50;76,50;0,38
men;Bladder;75-79;1954;19;103,00;103,00;103,00;103,00;0,51
men;Bladder;75-79;1955;13;69,10;69,10;69,10;69,10;0,35
men;Bladder;75-79;1956;9;47,00;47,00;47,00;47,00;0,23
men;Bladder;75-79;1957;12;61,50;61,50;61,50;61,50;0,31
men;Bladder;75-79;1958;12;60,30;60,30;60,30;60,30;0,30
men;Bladder;75-79;1959;6;29,60;29,60;29,60;29,60;0,15
men;Bladder;75-79;1960;9;43,60;43,60;43,60;43,60;0,22
men;Bladder;75-79;1961;11;52,40;52,40;52,40;52,40;0,26
men;Bladder;75-79;1962;14;65,50;65,50;65,50;65,50;0,33
men;Bladder;75-79;1963;17;78,20;78,20;78,20;78,20;0,39
men;Bladder;75-79;1964;24;108,80;108,80;108,80;108,80;0,54
men;Bladder;75-79;1965;16;71,70;71,70;71,70;71,70;0,36
men;Bladder;75-79;1966;23;101,30;101,30;101,30;101,30;0,51
men;Bladder;75-79;1967;31;133,60;133,60;133,60;133,60;0,67
men;Bladder;75-79;1968;24;101,10;101,10;101,10;101,10;0,50
men;Bladder;75-79;1969;28;115,40;115,40;115,40;115,40;0,58
men;Bladder;75-79;1970;31;125,10;125,10;125,10;125,10;0,62
men;Bladder;75-79;1971;23;89,90;89,90;89,90;89,90;0,45
men;Bladder;75-79;1972;26;99,10;99,10;99,10;99,10;0,49
men;Bladder;75-79;1973;37;136,30;136,30;136,30;136,30;0,68
men;Bladder;75-79;1974;36;125,90;125,90;125,90;125,90;0,63
men;Bladder;75-79;1975;41;137,70;137,70;137,70;137,70;0,69
men;Bladder;75-79;1976;48;154,70;154,70;154,70;154,70;0,77
men;Bladder;75-79;1977;52;160,20;160,20;160,20;160,20;0,80
men;Bladder;75-79;1978;41;121,70;121,70;121,70;121,70;0,61
men;Bladder;75-79;1979;62;177,80;177,80;177,80;177,80;0,89
men;Bladder;75-79;1980;63;174,60;174,60;174,60;174,60;0,87
men;Bladder;75-79;1981;64;171,20;171,20;171,20;171,20;0,85
men;Bladder;75-79;1982;67;171,40;171,40;171,40;171,40;0,85
men;Bladder;75-79;1983;74;181,40;181,40;181,40;181,40;0,90
men;Bladder;75-79;1984;78;183,50;183,50;183,50;183,50;0,91
men;Bladder;75-79;1985;92;208,60;208,60;208,60;208,60;1,04
men;Bladder;75-79;1986;87;191,70;191,70;191,70;191,70;0,95
men;Bladder;75-79;1987;92;198,20;198,20;198,20;198,20;0,99
men;Bladder;75-79;1988;110;235,30;235,30;235,30;235,30;1,17
men;Bladder;75-79;1989;97;207,70;207,70;207,70;207,70;1,03
men;Bladder;75-79;1990;86;185,10;185,10;185,10;185,10;0,92
men;Bladder;75-79;1991;101;220,80;220,80;220,80;220,80;1,10
men;Bladder;75-79;1992;91;202,70;202,70;202,70;202,70;1,01
men;Bladder;75-79;1993;100;224,60;224,60;224,60;224,60;1,12
men;Bladder;75-79;1994;101;230,50;230,50;230,50;230,50;1,15
men;Bladder;75-79;1995;93;210,60;210,60;210,60;210,60;1,05
men;Bladder;75-79;1996;111;239,80;239,80;239,80;239,80;1,19
men;Bladder;75-79;1997;117;242,40;242,40;242,40;242,40;1,20
men;Bladder;75-79;1998;116;229,70;229,70;229,70;229,70;1,14
men;Bladder;75-79;1999;134;249,50;249,50;249,50;249,50;1,24
men;Bladder;75-79;2000;113;199,10;199,10;199,10;199,10;0,99
men;Bladder;75-79;2001;115;194,20;194,20;194,20;194,20;0,97
men;Bladder;75-79;2002;119;192,50;192,50;192,50;192,50;0,96
men;Bladder;75-79;2003;145;224,70;224,70;224,70;224,70;1,12
men;Bladder;75-79;2004;131;195,20;195,20;195,20;195,20;0,97
men;Bladder;75-79;2005;135;194,50;194,50;194,50;194,50;0,97
men;Bladder;75-79;2006;140;195,70;195,70;195,70;195,70;0,97
men;Bladder;75-79;2007;149;204,00;204,00;204,00;204,00;1,01
men;Bladder;75-79;2008;127;172,90;172,90;172,90;172,90;0,86
men;Bladder;75-79;2009;141;191,70;191,70;191,70;191,70;0,95
men;Bladder;75-79;2010;131;176,40;176,40;176,40;176,40;0,88
men;Bladder;75-79;2011;129;171,70;171,70;171,70;171,70;0,85
men;Bladder;75-79;2012;154;201,00;201,00;201,00;201,00;1,00
men;Bladder;75-79;2013;172;216,00;216,00;216,00;216,00;1,07
men;Bladder;75-79;2014;173;208,00;208,00;208,00;208,00;1,03
men;Bladder;75-79;2015;181;213,80;213,80;213,80;213,80;1,06
men;Bladder;75-79;2016;195;221,60;221,60;221,60;221,60;1,10
men;Bladder;80-84;1953;7;91,30;91,30;91,30;91,30;0,46
men;Bladder;80-84;1954;4;51,70;51,70;51,70;51,70;0,26
men;Bladder;80-84;1955;8;100,60;100,60;100,60;100,60;0,50
men;Bladder;80-84;1956;7;85,70;85,70;85,70;85,70;0,43
men;Bladder;80-84;1957;11;131,20;131,20;131,20;131,20;0,65
men;Bladder;80-84;1958;7;81,50;81,50;81,50;81,50;0,41
men;Bladder;80-84;1959;9;102,40;102,40;102,40;102,40;0,51
men;Bladder;80-84;1960;4;44,40;44,40;44,40;44,40;0,22
men;Bladder;80-84;1961;9;97,60;97,60;97,60;97,60;0,49
men;Bladder;80-84;1962;5;53,20;53,20;53,20;53,20;0,27
men;Bladder;80-84;1963;15;157,30;157,30;157,30;157,30;0,78
men;Bladder;80-84;1964;15;155,80;155,80;155,80;155,80;0,78
men;Bladder;80-84;1965;17;176,10;176,10;176,10;176,10;0,88
men;Bladder;80-84;1966;8;81,40;81,40;81,40;81,40;0,41
men;Bladder;80-84;1967;15;147,90;147,90;147,90;147,90;0,74
men;Bladder;80-84;1968;13;124,40;124,40;124,40;124,40;0,62
men;Bladder;80-84;1969;13;120,90;120,90;120,90;120,90;0,60
men;Bladder;80-84;1970;11;99,40;99,40;99,40;99,40;0,50
men;Bladder;80-84;1971;14;122,40;122,40;122,40;122,40;0,61
men;Bladder;80-84;1972;23;195,90;195,90;195,90;195,90;0,97
men;Bladder;80-84;1973;7;58,40;58,40;58,40;58,40;0,29
men;Bladder;80-84;1974;15;121,50;121,50;121,50;121,50;0,61
men;Bladder;80-84;1975;22;169,60;169,60;169,60;169,60;0,84
men;Bladder;80-84;1976;20;147,10;147,10;147,10;147,10;0,73
men;Bladder;80-84;1977;30;213,70;213,70;213,70;213,70;1,06
men;Bladder;80-84;1978;29;196,50;196,50;196,50;196,50;0,98
men;Bladder;80-84;1979;33;209,40;209,40;209,40;209,40;1,04
men;Bladder;80-84;1980;47;283,30;283,30;283,30;283,30;1,41
men;Bladder;80-84;1981;39;223,60;223,60;223,60;223,60;1,11
men;Bladder;80-84;1982;31;168,00;168,00;168,00;168,00;0,84
men;Bladder;80-84;1983;40;207,20;207,20;207,20;207,20;1,03
men;Bladder;80-84;1984;32;159,20;159,20;159,20;159,20;0,79
men;Bladder;80-84;1985;60;287,70;287,70;287,70;287,70;1,43
men;Bladder;80-84;1986;41;189,10;189,10;189,10;189,10;0,94
men;Bladder;80-84;1987;53;232,60;232,60;232,60;232,60;1,16
men;Bladder;80-84;1988;71;296,70;296,70;296,70;296,70;1,47
men;Bladder;80-84;1989;64;254,30;254,30;254,30;254,30;1,26
men;Bladder;80-84;1990;70;266,40;266,40;266,40;266,40;1,32
men;Bladder;80-84;1991;69;253,20;253,20;253,20;253,20;1,26
men;Bladder;80-84;1992;64;228,00;228,00;228,00;228,00;1,13
men;Bladder;80-84;1993;77;271,60;271,60;271,60;271,60;1,35
men;Bladder;80-84;1994;96;337,30;337,30;337,30;337,30;1,67
men;Bladder;80-84;1995;81;283,80;283,80;283,80;283,80;1,41
men;Bladder;80-84;1996;68;240,80;240,80;240,80;240,80;1,20
men;Bladder;80-84;1997;83;296,80;296,80;296,80;296,80;1,47
men;Bladder;80-84;1998;71;252,80;252,80;252,80;252,80;1,26
men;Bladder;80-84;1999;64;229,30;229,30;229,30;229,30;1,14
men;Bladder;80-84;2000;62;218,20;218,20;218,20;218,20;1,09
men;Bladder;80-84;2001;74;245,90;245,90;245,90;245,90;1,22
men;Bladder;80-84;2002;86;271,30;271,30;271,30;271,30;1,35
men;Bladder;80-84;2003;85;253,50;253,50;253,50;253,50;1,26
men;Bladder;80-84;2004;93;257,40;257,40;257,40;257,40;1,28
men;Bladder;80-84;2005;108;279,20;279,20;279,20;279,20;1,39
men;Bladder;80-84;2006;114;278,90;278,90;278,90;278,90;1,38
men;Bladder;80-84;2007;116;269,30;269,30;269,30;269,30;1,34
men;Bladder;80-84;2008;122;268,10;268,10;268,10;268,10;1,33
men;Bladder;80-84;2009;112;233,90;233,90;233,90;233,90;1,16
men;Bladder;80-84;2010;145;290,90;290,90;290,90;290,90;1,44
men;Bladder;80-84;2011;143;276,70;276,70;276,70;276,70;1,37
men;Bladder;80-84;2012;147;276,90;276,90;276,90;276,90;1,37
men;Bladder;80-84;2013;130;241,90;241,90;241,90;241,90;1,20
men;Bladder;80-84;2014;122;224,70;224,70;224,70;224,70;1,12
men;Bladder;80-84;2015;140;252,80;252,80;252,80;252,80;1,26
men;Bladder;80-84;2016;142;251,50;251,50;251,50;251,50;1,25
men;Bladder;85plus;1953;3;98,70;98,70;98,70;98,70;-
men;Bladder;85plus;1954;3;98,50;98,50;98,50;98,50;-
men;Bladder;85plus;1955;0;0,00;0,00;0,00;0,00;-
men;Bladder;85plus;1956;3;92,40;92,40;92,40;92,40;-
men;Bladder;85plus;1957;4;119,40;119,40;119,40;119,40;-
men;Bladder;85plus;1958;3;87,10;87,10;87,10;87,10;-
men;Bladder;85plus;1959;4;113,50;113,50;113,50;113,50;-
men;Bladder;85plus;1960;3;82,90;82,90;82,90;82,90;-
men;Bladder;85plus;1961;6;161,30;161,30;161,30;161,30;-
men;Bladder;85plus;1962;2;53,00;53,00;53,00;53,00;-
men;Bladder;85plus;1963;4;105,40;105,40;105,40;105,40;-
men;Bladder;85plus;1964;3;79,70;79,70;79,70;79,70;-
men;Bladder;85plus;1965;5;135,60;135,60;135,60;135,60;-
men;Bladder;85plus;1966;2;53,60;53,60;53,60;53,60;-
men;Bladder;85plus;1967;6;154,60;154,60;154,60;154,60;-
men;Bladder;85plus;1968;7;173,40;173,40;173,40;173,40;-
men;Bladder;85plus;1969;9;214,60;214,60;214,60;214,60;-
men;Bladder;85plus;1970;3;69,00;69,00;69,00;69,00;-
men;Bladder;85plus;1971;13;287,50;287,50;287,50;287,50;-
men;Bladder;85plus;1972;13;275,40;275,40;275,40;275,40;-
men;Bladder;85plus;1973;8;162,20;162,20;162,20;162,20;-
men;Bladder;85plus;1974;4;78,10;78,10;78,10;78,10;-
men;Bladder;85plus;1975;13;246,40;246,40;246,40;246,40;-
men;Bladder;85plus;1976;19;345,90;345,90;345,90;345,90;-
men;Bladder;85plus;1977;11;189,20;189,20;189,20;189,20;-
men;Bladder;85plus;1978;17;278,20;278,20;278,20;278,20;-
men;Bladder;85plus;1979;19;294,90;294,90;294,90;294,90;-
men;Bladder;85plus;1980;14;204,70;204,70;204,70;204,70;-
men;Bladder;85plus;1981;12;166,10;166,10;166,10;166,10;-
men;Bladder;85plus;1982;15;195,40;195,40;195,40;195,40;-
men;Bladder;85plus;1983;16;194,90;194,90;194,90;194,90;-
men;Bladder;85plus;1984;20;226,20;226,20;226,20;226,20;-
men;Bladder;85plus;1985;24;257,50;257,50;257,50;257,50;-
men;Bladder;85plus;1986;16;163,40;163,40;163,40;163,40;-
men;Bladder;85plus;1987;30;288,10;288,10;288,10;288,10;-
men;Bladder;85plus;1988;31;282,20;282,20;282,20;282,20;-
men;Bladder;85plus;1989;32;276,50;276,50;276,50;276,50;-
men;Bladder;85plus;1990;33;272,80;272,80;272,80;272,80;-
men;Bladder;85plus;1991;39;308,20;308,20;308,20;308,20;-
men;Bladder;85plus;1992;35;261,70;261,70;261,70;261,70;-
men;Bladder;85plus;1993;40;283,80;283,80;283,80;283,80;-
men;Bladder;85plus;1994;56;374,90;374,90;374,90;374,90;-
men;Bladder;85plus;1995;55;347,60;347,60;347,60;347,60;-
men;Bladder;85plus;1996;61;367,90;367,90;367,90;367,90;-
men;Bladder;85plus;1997;55;317,90;317,90;317,90;317,90;-
men;Bladder;85plus;1998;55;308,80;308,80;308,80;308,80;-
men;Bladder;85plus;1999;54;297,10;297,10;297,10;297,10;-
men;Bladder;85plus;2000;70;378,30;378,30;378,30;378,30;-
men;Bladder;85plus;2001;60;320,00;320,00;320,00;320,00;-
men;Bladder;85plus;2002;67;352,00;352,00;352,00;352,00;-
men;Bladder;85plus;2003;51;262,30;262,30;262,30;262,30;-
men;Bladder;85plus;2004;56;282,90;282,90;282,90;282,90;-
men;Bladder;85plus;2005;59;285,20;285,20;285,20;285,20;-
men;Bladder;85plus;2006;75;338,50;338,50;338,50;338,50;-
men;Bladder;85plus;2007;85;360,60;360,60;360,60;360,60;-
men;Bladder;85plus;2008;96;381,10;381,10;381,10;381,10;-
men;Bladder;85plus;2009;83;307,60;307,60;307,60;307,60;-
men;Bladder;85plus;2010;98;339,00;339,00;339,00;339,00;-
men;Bladder;85plus;2011;99;319,60;319,60;319,60;319,60;-
men;Bladder;85plus;2012;109;330,40;330,40;330,40;330,40;-
men;Bladder;85plus;2013;129;367,30;367,30;367,30;367,30;-
men;Bladder;85plus;2014;126;337,40;337,40;337,40;337,40;-
men;Bladder;85plus;2015;147;371,80;371,80;371,80;371,80;-
men;Bladder;85plus;2016;139;333,40;333,40;333,40;333,40;-
